{
  "total_tasks": 25.0,
  "success_rate": 0.8,
  "local_completed": 20.0,
  "offloading_ratio": 0.4,
  "cloud_offloading_ratio": 0.12,
  "avg_latency_s": 0.22075104278315968,
  "avg_wait_s": 0.003124806516021916,
  "total_energy_j": 10.045000000000005,
  "energy_efficiency": 2.4888003982080624,
  "attempts_mean": 1.0
}