{
  "total_tasks": 6.0,
  "success_rate": 0.8333333333333334,
  "local_completed": 5.0,
  "offloading_ratio": 0.6666666666666666,
  "cloud_offloading_ratio": 0.16666666666666666,
  "avg_latency_s": 0.15985062542287945,
  "avg_wait_s": 0.0,
  "total_energy_j": 2.5235,
  "energy_efficiency": 3.962750148603131,
  "attempts_mean": 2.5
}